{"id": "PLezeyLLVabBn5GT7pFIXnrafUT19VGwRO", "title": "\u54d4\u54e9", "availability": "public", "channel_follower_count": null, "description": "", "tags": [], "thumbnails": [{"url": "https://i.ytimg.com/vi/-SoZ6MDQTX8/hqdefault.jpg?sqp=-oaymwEWCKgBEF5IWvKriqkDCQgBFQAAiEIYAQ==&rs=AOn4CLATHcS6uojsQlW12-_IbDcRPu0XgA", "height": 94, "width": 168, "id": "0", "resolution": "168x94"}, {"url": "https://i.ytimg.com/vi/-SoZ6MDQTX8/hqdefault.jpg?sqp=-oaymwEWCMQBEG5IWvKriqkDCQgBFQAAiEIYAQ==&rs=AOn4CLDQm6ULIzCttchTcJ-fpvt06zGQow", "height": 110, "width": 196, "id": "1", "resolution": "196x110"}, {"url": "https://i.ytimg.com/vi/-SoZ6MDQTX8/hqdefault.jpg?sqp=-oaymwEXCPYBEIoBSFryq4qpAwkIARUAAIhCGAE=&rs=AOn4CLB7I0gjLMtzTMDC0HprJHPLsMD_RQ", "height": 138, "width": 246, "id": "2", "resolution": "246x138"}, {"url": "https://i.ytimg.com/vi/-SoZ6MDQTX8/hqdefault.jpg?sqp=-oaymwEXCNACELwBSFryq4qpAwkIARUAAIhCGAE=&rs=AOn4CLD9elBVkmcj8VD4GWLhZiN8W3GWMw", "height": 188, "width": 336, "id": "3", "resolution": "336x188"}], "modified_date": "20250830", "view_count": 1, "playlist_count": 1, "channel": "\u5f20\u6a31\u8ff7", "channel_id": "UC7cfCZk5BiWlEo6md6iMGtw", "uploader_id": "@\u5f20\u6a31\u8ff7", "uploader": "\u5f20\u6a31\u8ff7", "channel_url": "https://www.youtube.com/channel/UC7cfCZk5BiWlEo6md6iMGtw", "uploader_url": "https://www.youtube.com/@\u5f20\u6a31\u8ff7", "_type": "playlist", "entries": [{"_type": "url", "ie_key": "Youtube", "id": "-SoZ6MDQTX8", "url": "https://www.youtube.com/watch?v=-SoZ6MDQTX8", "title": "\u672c\u4ee5\u4e3a\u662f\u5783\u573e\u5929\u8d4b\uff0c\u4f60\u5374\u5361bug\u4e00\u7ea7\u4e00\u4e2a\u91d1\u8bcd\u6761\uff0cbug\u53e0\u6ee1\u4e86\u300a\u4e00\u7ea7\u4e00\u91d1\u8272\u8bcd\u6761\u300b#\u6c99\u96d5 #\u5386\u53f2 #\u6c99\u96d5\u5c0f\u8bf4 #\u867e\u4ec1 #\u963f\u661f\u6f2b\u8c08", "description": null, "duration": 3126, "channel_id": "UCnRjjT2krBhe7Vu_vh7jXwA", "channel": "\u963f\u661f\u6f2b\u8c08", "channel_url": "https://www.youtube.com/channel/UCnRjjT2krBhe7Vu_vh7jXwA", "uploader": "\u963f\u661f\u6f2b\u8c08", "uploader_id": "@AXMT", "uploader_url": "https://www.youtube.com/@AXMT", "thumbnails": [{"url": "https://i.ytimg.com/vi/-SoZ6MDQTX8/hqdefault.jpg?sqp=-oaymwEbCKgBEF5IVfKriqkDDggBFQAAiEIYAXABwAEG&rs=AOn4CLBuOB10aftCy2JMsEfPlDUyQt-7YQ", "height": 94, "width": 168}, {"url": "https://i.ytimg.com/vi/-SoZ6MDQTX8/hqdefault.jpg?sqp=-oaymwEbCMQBEG5IVfKriqkDDggBFQAAiEIYAXABwAEG&rs=AOn4CLC08XHYIAP2VzXs1nj3Nht2D9rLdg", "height": 110, "width": 196}, {"url": "https://i.ytimg.com/vi/-SoZ6MDQTX8/hqdefault.jpg?sqp=-oaymwEcCPYBEIoBSFXyq4qpAw4IARUAAIhCGAFwAcABBg==&rs=AOn4CLAAHNIsaHVl-p6i0miUtersnKJ0GQ", "height": 138, "width": 246}, {"url": "https://i.ytimg.com/vi/-SoZ6MDQTX8/hqdefault.jpg?sqp=-oaymwEcCNACELwBSFXyq4qpAw4IARUAAIhCGAFwAcABBg==&rs=AOn4CLB-mKAyhyJFCb9Xas-6oz-DHJFzdw", "height": 188, "width": 336}], "timestamp": null, "release_timestamp": null, "availability": null, "view_count": 80, "live_status": null, "channel_is_verified": null, "__x_forwarded_for_ip": null}], "extractor_key": "YoutubeTab", "extractor": "youtube:tab", "webpage_url": "https://www.youtube.com/playlist?list=PLezeyLLVabBn5GT7pFIXnrafUT19VGwRO", "original_url": "https://www.youtube.com/playlist?list=PLezeyLLVabBn5GT7pFIXnrafUT19VGwRO", "webpage_url_basename": "playlist", "webpage_url_domain": "youtube.com", "release_year": null, "epoch": 1756564044, "__files_to_move": {}, "_version": {"version": "2025.08.27", "current_git_head": null, "release_git_head": "8cd37b85d492edb56a4f7506ea05527b85a6b02b", "repository": "yt-dlp/yt-dlp"}}
