[
    {
        "url": "https://www.youtube.com/watch?v=-SoZ6MDQTX8",
        "status": "yes",
        "count": 2
    },
    {
        "url": "https://www.youtube.com/watch?v=VPDf9TV5JfI",
        "status": "no",
        "count": 0
    },
    {
        "url": "https://www.youtube.com/watch?v=csI97imV-m8",
        "status": "no",
        "count": 0
    },
    {
        "url": "https://www.youtube.com/watch?v=NNdAhHtyJRo",
        "status": "no",
        "count": 0
    },
    {
        "url": "https://www.youtube.com/watch?v=HV5iqpXDaig",
        "status": "no",
        "count": 0
    },
    {
        "url": "https://www.youtube.com/watch?v=-yoi-jg2oq0",
        "status": "no",
        "count": 0
    },
    {
        "url": "https://www.youtube.com/watch?v=wXpvgv8Wwec",
        "status": "no",
        "count": 0
    },
    {
        "url": "https://www.youtube.com/watch?v=Y9bYvhCFKMI",
        "status": "no",
        "count": 0
    },
    {
        "url": "https://www.youtube.com/watch?v=w-e8uj_JlL8",
        "status": "no",
        "count": 0
    }
]